date,rainfall_mm,temperature_c,humidity_percent,wind_speed_mps
2018-01-01,4.77,28.32,93.03,10.79
2018-01-02,13.98,32.45,61.29,7.27
2018-01-03,23.87,23.95,72.86,13.08
2018-01-04,21.16,29.37,93.88,5.41
2018-01-05,0.54,24.38,87.47,9.36
2018-01-06,2.7,42.95,78.97,10.23
2018-01-07,7.08,26.28,74.0,7.91
2018-01-08,25.05,33.38,76.79,8.74
2018-01-09,15.24,29.06,72.6,8.2
2018-01-10,5.35,32.75,91.54,9.26
2018-01-11,7.93,29.34,69.72,4.88
2018-01-12,18.72,26.48,75.8,4.93
2018-01-13,15.75,26.05,90.46,5.44
2018-01-14,5.96,25.29,82.43,11.98
2018-01-15,15.65,23.56,73.01,1.02
2018-01-16,16.95,23.64,69.03,9.68
2018-01-17,17.15,29.25,83.4,10.2
2018-01-18,17.24,23.18,79.08,9.11
2018-01-19,16.09,29.13,91.48,7.83
2018-01-20,11.73,26.0,72.07,6.65
2018-01-21,1.15,36.7,70.29,9.99
2018-01-22,15.59,20.17,75.1,1.45
2018-01-23,9.68,23.24,67.44,6.83
2018-01-24,13.04,35.1,82.41,4.46
2018-01-25,14.8,22.41,92.95,8.78
2018-01-26,20.07,33.11,83.12,0.04
2018-01-27,6.13,24.49,80.17,8.91
2018-01-28,22.96,24.32,66.72,10.03
2018-01-29,13.88,23.01,80.56,11.7
2018-01-30,20.2,21.46,77.17,6.78
2018-01-31,16.95,31.81,76.18,7.76
2018-02-01,4.43,32.22,74.45,8.88
2018-02-02,12.3,25.03,76.67,9.99
2018-02-03,3.81,40.79,78.57,12.44
2018-02-04,14.96,25.66,72.76,12.71
2018-02-05,14.4,27.99,67.09,7.67
2018-02-06,2.35,26.69,77.23,7.51
2018-02-07,9.84,27.94,77.18,9.12
2018-02-08,13.64,37.58,75.72,8.18
2018-02-09,0.8,36.78,77.85,4.36
2018-02-10,12.01,25.83,69.8,4.01
2018-02-11,13.77,24.84,85.5,9.6
2018-02-12,19.04,22.57,94.08,10.06
2018-02-13,16.02,23.73,83.32,11.98
2018-02-14,17.57,19.52,62.75,11.67
2018-02-15,19.49,23.56,66.91,9.08
2018-02-16,16.54,29.03,74.81,9.91
2018-02-17,16.0,29.16,83.22,5.86
2018-02-18,22.53,34.74,67.25,10.21
2018-02-19,7.97,28.45,89.58,10.6
2018-02-20,17.03,21.46,76.74,7.34
2018-02-21,11.08,29.4,84.58,6.41
2018-02-22,33.79,28.05,83.06,11.22
2018-02-23,0.87,21.71,78.24,8.78
2018-02-24,5.05,32.26,79.72,6.31
2018-02-25,17.96,22.17,86.96,9.77
2018-02-26,8.01,40.13,98.68,7.02
2018-02-27,12.92,23.22,84.78,9.65
2018-02-28,13.93,19.76,92.18,8.35
2018-03-01,9.84,32.98,93.36,7.39
2018-03-02,14.19,26.22,86.02,9.1
2018-03-03,9.02,30.85,61.49,8.97
2018-03-04,8.81,26.7,75.67,8.61
2018-03-05,26.88,26.65,79.82,0.88
2018-03-06,10.8,27.15,85.98,8.56
2018-03-07,18.12,22.77,74.34,6.88
2018-03-08,12.26,31.5,87.52,3.63
2018-03-09,23.33,40.22,83.4,6.72
2018-03-10,5.7,30.07,71.51,5.7
2018-03-11,9.14,36.4,79.55,6.94
2018-03-12,13.01,19.15,73.65,7.84
2018-03-13,0.41,26.28,73.22,6.13
2018-03-14,19.37,32.76,76.11,7.4
2018-03-15,8.8,35.46,77.18,6.27
2018-03-16,6.68,27.01,80.62,13.48
2018-03-17,7.4,18.81,76.15,7.3
2018-03-18,17.3,32.05,81.72,5.94
2018-03-19,6.77,26.45,83.22,12.84
2018-03-20,9.93,28.09,79.55,8.03
2018-03-21,15.09,30.78,86.57,12.88
2018-03-22,10.58,27.41,74.95,8.91
2018-03-23,10.57,17.41,76.2,6.62
2018-03-24,13.54,27.05,76.37,3.08
2018-03-25,13.66,31.45,89.48,6.6
2018-03-26,16.28,26.28,95.32,6.18
2018-03-27,16.37,31.11,90.58,12.68
2018-03-28,22.87,21.66,65.36,10.04
2018-03-29,4.31,22.55,82.53,8.68
2018-03-30,26.09,26.23,72.93,8.46
2018-03-31,17.95,21.85,76.94,10.23
2018-04-01,1.94,33.35,74.91,13.14
2018-04-02,6.54,25.41,78.72,9.38
2018-04-03,25.34,29.92,79.43,10.55
2018-04-04,12.41,23.93,81.79,11.43
2018-04-05,7.25,27.57,71.21,8.34
2018-04-06,12.28,22.56,89.44,1.27
2018-04-07,2.45,20.15,71.41,10.67
2018-04-08,22.32,23.55,73.63,9.57
2018-04-09,9.91,28.57,73.59,10.67
2018-04-10,21.87,35.29,79.12,7.19
2018-04-11,22.29,26.37,79.61,13.19
2018-04-12,9.42,32.32,76.95,4.96
2018-04-13,7.39,23.78,75.67,6.48
2018-04-14,1.8,23.52,82.59,13.03
2018-04-15,21.52,33.35,80.84,7.59
2018-04-16,22.62,19.91,78.56,6.3
2018-04-17,14.6,27.31,79.28,7.23
2018-04-18,6.21,22.14,86.55,7.16
2018-04-19,16.2,19.4,79.06,6.07
2018-04-20,2.53,20.17,81.78,8.51
2018-04-21,5.29,30.55,83.45,4.01
2018-04-22,22.79,23.09,95.51,7.62
2018-04-23,14.19,34.11,82.35,10.02
2018-04-24,13.27,20.33,82.72,7.78
2018-04-25,6.59,34.32,72.92,4.92
2018-04-26,10.32,30.78,69.08,5.93
2018-04-27,11.91,26.98,78.37,5.86
2018-04-28,6.41,24.19,69.63,7.72
2018-04-29,17.85,24.33,58.16,12.3
2018-04-30,15.75,21.21,61.12,9.85
2018-05-01,21.39,23.25,94.86,14.65
2018-05-02,12.02,30.99,69.92,5.1
2018-05-03,7.32,31.45,78.84,0.26
2018-05-04,29.12,21.84,79.6,7.3
2018-05-05,1.26,19.82,80.86,1.21
2018-05-06,17.72,26.33,76.64,12.4
2018-05-07,12.68,23.87,85.4,12.46
2018-05-08,7.46,27.07,80.03,13.56
2018-05-09,20.03,18.64,86.13,8.03
2018-05-10,5.09,36.78,86.23,11.29
2018-05-11,8.97,24.17,89.93,8.05
2018-05-12,28.28,22.4,70.89,12.71
2018-05-13,0.37,31.01,90.21,8.12
2018-05-14,11.33,35.87,96.87,4.18
2018-05-15,0.36,33.25,75.51,0.03
2018-05-16,1.14,32.69,87.04,6.02
2018-05-17,5.17,24.95,85.46,7.19
2018-05-18,12.89,23.96,86.81,9.85
2018-05-19,17.67,31.33,72.94,10.04
2018-05-20,13.45,20.03,71.76,6.59
2018-05-21,13.75,28.43,85.39,10.9
2018-05-22,8.35,28.67,69.67,9.72
2018-05-23,29.89,29.37,75.43,10.11
2018-05-24,3.32,22.71,87.46,9.87
2018-05-25,5.15,29.68,57.62,9.42
2018-05-26,6.82,30.24,65.3,7.21
2018-05-27,5.6,36.22,85.02,9.91
2018-05-28,15.89,29.41,81.16,8.19
2018-05-29,14.84,34.18,77.83,8.98
2018-05-30,6.92,25.52,68.72,8.96
2018-05-31,12.34,27.4,83.49,7.68
2018-06-01,11.58,24.48,86.35,7.17
2018-06-02,4.96,33.44,80.92,7.09
2018-06-03,20.76,33.5,73.4,9.27
2018-06-04,4.86,24.68,76.24,8.65
2018-06-05,21.2,25.43,87.37,10.19
2018-06-06,3.13,31.27,87.37,5.7
2018-06-07,15.01,29.89,80.38,6.58
2018-06-08,16.58,27.11,83.2,8.03
2018-06-09,17.47,27.14,78.36,11.25
2018-06-10,11.56,19.67,90.32,10.09
2018-06-11,15.05,32.62,82.69,11.08
2018-06-12,11.55,20.14,84.19,2.92
2018-06-13,20.32,26.1,80.48,1.22
2018-06-14,9.11,21.74,74.04,4.82
2018-06-15,14.46,29.81,74.46,11.19
2018-06-16,1.99,33.35,78.28,7.12
2018-06-17,16.47,29.52,73.47,4.77
2018-06-18,5.37,31.07,81.59,8.67
2018-06-19,11.19,20.27,72.65,6.47
2018-06-20,15.85,33.27,73.59,6.05
2018-06-21,12.21,28.87,78.18,7.62
2018-06-22,14.65,27.95,88.53,12.59
2018-06-23,8.0,29.44,67.62,8.96
2018-06-24,4.27,25.66,92.77,2.74
2018-06-25,18.78,30.4,85.69,9.81
2018-06-26,13.09,31.56,80.75,8.71
2018-06-27,17.19,38.71,85.24,9.71
2018-06-28,6.31,25.2,77.62,1.73
2018-06-29,3.63,36.26,84.0,6.79
2018-06-30,8.62,25.98,76.52,11.69
2018-07-01,14.94,25.59,87.76,7.96
2018-07-02,3.88,22.56,76.64,8.05
2018-07-03,11.64,30.32,75.29,8.77
2018-07-04,7.12,21.39,74.87,12.07
2018-07-05,16.49,25.87,83.16,12.89
2018-07-06,1.64,22.69,82.77,13.73
2018-07-07,9.25,23.43,84.32,4.81
2018-07-08,3.14,32.6,77.21,9.53
2018-07-09,12.07,35.1,68.76,5.76
2018-07-10,11.19,24.59,74.05,10.72
2018-07-11,20.13,31.46,83.69,10.93
2018-07-12,18.33,29.29,75.77,7.88
2018-07-13,2.58,27.13,77.52,13.84
2018-07-14,2.87,28.55,80.94,10.79
2018-07-15,10.54,23.76,78.29,5.86
2018-07-16,12.34,30.27,76.35,7.02
2018-07-17,7.23,36.32,81.64,15.87
2018-07-18,5.75,28.15,85.24,5.2
2018-07-19,19.68,30.3,71.46,7.36
2018-07-20,20.8,17.95,80.36,6.35
2018-07-21,11.75,20.82,92.98,9.59
2018-07-22,13.34,31.85,62.28,11.27
2018-07-23,13.36,25.07,67.79,7.74
2018-07-24,11.8,22.18,77.24,13.48
2018-07-25,4.31,32.91,79.16,10.04
2018-07-26,9.38,31.8,74.32,2.9
2018-07-27,16.13,29.34,89.76,4.91
2018-07-28,13.47,30.23,80.06,12.21
2018-07-29,1.95,28.64,70.58,7.75
2018-07-30,7.37,16.26,69.71,1.21
2018-07-31,5.61,31.95,78.52,8.56
2018-08-01,6.73,35.44,70.6,7.29
2018-08-02,5.97,28.28,83.47,5.71
2018-08-03,0.24,28.28,83.49,7.56
2018-08-04,12.99,29.99,74.36,6.32
2018-08-05,9.33,24.22,79.61,5.26
2018-08-06,19.63,26.7,91.84,8.53
2018-08-07,17.55,27.08,76.11,8.79
2018-08-08,5.65,33.3,72.08,9.17
2018-08-09,9.99,15.08,69.12,6.27
2018-08-10,14.64,25.54,88.79,11.16
2018-08-11,13.8,30.1,67.86,4.9
2018-08-12,23.84,21.95,59.52,7.54
2018-08-13,19.12,26.39,82.49,5.36
2018-08-14,15.78,20.16,68.12,10.78
2018-08-15,8.49,24.92,79.95,9.35
2018-08-16,11.42,23.7,74.19,7.99
2018-08-17,14.18,20.69,91.67,12.22
2018-08-18,5.68,25.38,74.11,8.66
2018-08-19,11.96,31.32,69.96,7.17
2018-08-20,5.74,38.65,75.75,8.93
2018-08-21,10.85,32.72,76.59,4.1
2018-08-22,14.39,26.48,85.97,7.34
2018-08-23,20.17,34.09,90.34,5.51
2018-08-24,25.34,29.45,71.71,9.11
2018-08-25,13.77,26.83,84.99,5.12
2018-08-26,22.82,34.5,81.12,11.32
2018-08-27,21.5,26.38,68.69,9.08
2018-08-28,3.8,33.0,70.67,5.6
2018-08-29,10.05,22.59,63.37,3.47
2018-08-30,11.16,28.36,77.38,15.81
2018-08-31,15.63,32.63,71.41,6.29
2018-09-01,3.51,18.16,97.03,14.18
2018-09-02,19.94,24.47,81.62,7.75
2018-09-03,8.69,28.26,87.92,9.31
2018-09-04,16.44,22.78,76.86,9.06
2018-09-05,5.71,23.83,74.65,6.31
2018-09-06,11.29,31.99,94.29,7.83
2018-09-07,31.71,20.84,74.26,5.29
2018-09-08,39.01,27.8,81.36,11.11
2018-09-09,12.27,23.49,70.69,8.56
2018-09-10,13.37,20.75,92.02,6.67
2018-09-11,14.47,19.42,69.03,12.32
2018-09-12,23.14,20.5,79.82,4.65
2018-09-13,20.0,26.83,79.85,5.45
2018-09-14,19.05,24.0,74.87,9.69
2018-09-15,22.57,24.56,71.4,6.63
2018-09-16,6.83,17.61,66.18,6.44
2018-09-17,12.36,19.98,77.92,12.59
2018-09-18,19.69,22.13,91.95,8.27
2018-09-19,20.41,12.94,79.42,12.56
2018-09-20,23.23,30.11,68.06,9.54
2018-09-21,5.92,26.68,74.94,4.12
2018-09-22,12.4,29.52,81.09,6.54
2018-09-23,18.29,23.54,75.81,1.28
2018-09-24,14.26,29.62,82.58,11.5
2018-09-25,5.76,21.17,66.35,4.27
2018-09-26,24.81,28.16,77.58,12.39
2018-09-27,8.72,26.21,75.46,7.38
2018-09-28,3.35,23.14,75.43,6.44
2018-09-29,4.97,38.22,75.83,10.58
2018-09-30,11.07,26.86,88.16,11.95
2018-10-01,2.83,36.32,74.08,15.29
2018-10-02,24.51,28.67,98.12,8.52
2018-10-03,6.52,31.07,59.53,6.23
2018-10-04,10.32,25.07,71.52,14.53
2018-10-05,13.47,25.05,70.83,4.69
2018-10-06,17.12,30.78,64.43,9.52
2018-10-07,17.22,33.5,81.79,8.84
2018-10-08,10.64,35.07,82.54,10.37
2018-10-09,14.62,31.1,71.91,2.54
2018-10-10,20.58,28.33,85.68,15.27
2018-10-11,19.76,27.31,81.93,7.48
2018-10-12,3.51,29.54,69.95,9.86
2018-10-13,13.44,36.42,69.53,14.53
2018-10-14,6.06,33.29,74.71,8.96
2018-10-15,30.08,26.27,77.25,7.24
2018-10-16,3.6,35.15,77.05,9.39
2018-10-17,8.18,25.46,90.24,10.56
2018-10-18,9.66,26.02,79.71,7.14
2018-10-19,6.74,23.29,70.83,10.83
2018-10-20,12.39,26.4,67.71,9.12
2018-10-21,10.51,23.96,83.25,9.83
2018-10-22,14.48,27.37,59.0,7.36
2018-10-23,26.91,33.03,79.09,11.73
2018-10-24,11.01,27.75,79.85,10.21
2018-10-25,15.06,25.11,67.0,8.67
2018-10-26,14.95,17.47,80.85,4.2
2018-10-27,16.97,23.26,72.79,5.37
2018-10-28,8.93,32.11,75.57,2.7
2018-10-29,14.84,26.63,81.85,7.91
2018-10-30,5.71,31.6,77.89,3.71
2018-10-31,0.24,31.45,75.23,7.05
2018-11-01,21.84,26.36,80.1,4.7
2018-11-02,3.69,31.45,72.96,6.34
2018-11-03,31.62,25.06,62.03,14.24
2018-11-04,19.77,21.11,89.99,6.04
2018-11-05,21.96,22.72,78.52,7.59
2018-11-06,12.46,26.16,85.81,4.99
2018-11-07,4.34,30.8,80.7,9.21
2018-11-08,6.7,34.13,91.94,3.9
2018-11-09,22.23,29.31,69.32,8.94
2018-11-10,14.29,26.02,81.49,6.99
2018-11-11,18.71,26.49,89.69,5.25
2018-11-12,10.19,34.53,86.81,5.98
2018-11-13,16.39,27.11,86.64,7.75
2018-11-14,14.79,22.66,74.63,5.68
2018-11-15,21.16,31.31,74.39,8.34
2018-11-16,1.3,34.48,85.5,9.33
2018-11-17,10.8,18.79,76.92,5.94
2018-11-18,9.24,24.37,74.76,9.21
2018-11-19,5.78,28.57,82.43,11.27
2018-11-20,11.7,25.83,73.98,6.17
2018-11-21,12.16,29.83,74.13,11.24
2018-11-22,13.79,27.91,64.03,8.06
2018-11-23,13.76,27.36,72.95,11.87
2018-11-24,15.69,19.25,68.84,4.32
2018-11-25,15.69,23.34,70.29,4.01
2018-11-26,4.75,24.1,78.05,8.97
2018-11-27,20.55,24.01,66.98,6.29
2018-11-28,14.39,15.52,83.98,3.47
2018-11-29,18.25,27.95,78.6,7.37
2018-11-30,0.47,28.99,66.09,5.79
2018-12-01,16.93,32.81,85.06,8.07
2018-12-02,11.62,21.81,88.77,12.05
2018-12-03,13.03,37.67,77.81,11.58
2018-12-04,21.47,35.02,90.86,8.57
2018-12-05,28.43,20.03,83.01,8.5
2018-12-06,8.46,29.93,90.33,8.98
2018-12-07,11.41,27.94,77.44,12.89
2018-12-08,6.2,28.9,66.85,7.07
2018-12-09,13.05,22.37,74.82,11.5
2018-12-10,4.5,31.9,75.48,11.23
2018-12-11,12.74,27.41,72.02,9.73
2018-12-12,16.13,25.44,69.46,9.73
2018-12-13,2.25,32.76,72.52,7.44
2018-12-14,0.32,18.93,88.25,9.48
2018-12-15,12.51,17.99,64.95,14.03
2018-12-16,10.08,19.64,74.21,8.27
2018-12-17,8.95,34.3,85.33,6.21
2018-12-18,10.86,23.31,83.42,12.6
2018-12-19,13.74,31.47,73.5,4.73
2018-12-20,25.34,13.23,86.68,11.53
2018-12-21,8.15,24.16,75.92,6.19
2018-12-22,23.33,25.99,85.21,12.57
2018-12-23,10.9,28.99,70.81,4.32
2018-12-24,7.44,23.09,70.62,7.51
2018-12-25,0.52,29.84,85.23,9.42
2018-12-26,9.36,30.78,87.52,7.24
2018-12-27,10.2,26.3,81.11,7.21
2018-12-28,21.23,15.62,70.22,8.22
2018-12-29,20.34,33.47,80.16,10.67
2018-12-30,21.14,25.13,77.23,5.41
2018-12-31,16.85,16.01,64.62,5.18
2019-01-01,11.26,24.77,85.07,7.34
2019-01-02,18.61,27.67,72.64,5.21
2019-01-03,21.41,14.76,77.38,4.74
2019-01-04,19.88,20.26,75.62,4.81
2019-01-05,23.92,36.01,73.81,5.77
2019-01-06,19.56,22.18,62.94,4.16
2019-01-07,32.61,17.23,77.53,9.37
2019-01-08,21.13,26.55,73.98,9.09
2019-01-09,17.58,24.56,64.08,8.09
2019-01-10,10.2,29.88,82.4,5.1
2019-01-11,20.43,27.34,70.76,7.82
2019-01-12,1.55,27.66,76.29,2.54
2019-01-13,7.22,30.67,67.98,5.86
2019-01-14,7.63,33.95,78.84,6.6
2019-01-15,8.41,24.22,66.76,10.43
2019-01-16,1.31,32.14,67.84,8.2
2019-01-17,7.11,28.98,88.82,10.51
2019-01-18,4.08,30.16,56.17,6.85
2019-01-19,8.33,26.33,78.87,3.88
2019-01-20,6.83,27.57,90.21,2.41
2019-01-21,10.22,24.86,85.94,10.25
2019-01-22,21.29,27.99,90.74,11.72
2019-01-23,6.91,20.77,72.98,7.47
2019-01-24,8.58,26.7,96.66,6.62
2019-01-25,16.5,19.34,71.31,14.02
2019-01-26,10.7,26.32,70.47,13.0
2019-01-27,13.06,29.64,72.5,12.59
2019-01-28,4.02,16.66,65.55,8.22
2019-01-29,21.17,34.53,80.21,11.3
2019-01-30,4.37,23.33,89.39,10.87
2019-01-31,12.24,24.87,80.26,6.99
2019-02-01,11.81,27.95,82.06,7.62
2019-02-02,4.72,24.44,94.08,11.58
2019-02-03,12.77,21.45,76.38,7.87
2019-02-04,6.28,26.65,68.34,7.76
2019-02-05,11.0,24.46,87.06,3.77
2019-02-06,12.28,21.12,59.89,11.99
2019-02-07,18.63,30.91,71.29,9.7
2019-02-08,2.6,26.44,64.65,4.76
2019-02-09,7.49,29.16,68.72,1.88
2019-02-10,7.22,23.08,77.9,5.88
2019-02-11,21.72,24.12,72.67,7.29
2019-02-12,16.78,23.9,76.09,5.66
2019-02-13,3.19,20.46,78.1,4.13
2019-02-14,17.29,36.6,72.18,5.29
2019-02-15,16.72,36.22,68.17,8.8
2019-02-16,11.78,20.69,93.76,10.28
2019-02-17,26.77,19.91,84.73,8.57
2019-02-18,15.3,32.54,69.66,0.13
2019-02-19,17.41,30.66,81.82,6.49
2019-02-20,22.73,17.36,100.0,3.92
2019-02-21,21.96,24.82,76.4,7.33
2019-02-22,19.81,24.13,73.56,7.56
2019-02-23,16.59,27.48,88.8,10.6
2019-02-24,10.42,33.86,80.74,4.8
2019-02-25,1.29,22.41,64.75,5.05
2019-02-26,23.65,24.04,65.29,11.36
2019-02-27,7.35,26.56,81.05,9.2
2019-02-28,16.44,32.47,79.35,4.05
2019-03-01,23.05,20.07,82.59,6.59
2019-03-02,4.06,31.51,83.91,6.91
2019-03-03,33.27,25.18,63.94,9.54
2019-03-04,0.45,27.16,74.4,7.77
2019-03-05,15.51,26.92,78.45,7.01
2019-03-06,14.18,36.34,71.36,3.6
2019-03-07,9.97,21.35,79.43,8.77
2019-03-08,10.48,35.13,66.69,9.7
2019-03-09,9.26,30.35,70.18,7.14
2019-03-10,12.98,28.37,73.14,9.21
2019-03-11,10.34,24.56,83.77,8.15
2019-03-12,18.08,26.49,72.62,9.51
2019-03-13,5.38,28.33,86.49,6.5
2019-03-14,22.73,26.74,63.36,5.41
2019-03-15,19.41,31.54,90.47,2.66
2019-03-16,0.12,32.27,65.1,6.18
2019-03-17,14.43,34.14,78.83,5.67
2019-03-18,20.25,30.57,60.05,11.35
2019-03-19,33.85,19.35,82.33,5.56
2019-03-20,7.57,27.82,76.91,7.92
2019-03-21,12.95,28.75,73.94,8.42
2019-03-22,13.26,25.7,77.55,7.62
2019-03-23,28.23,23.65,81.17,8.24
2019-03-24,20.7,20.19,73.0,9.85
2019-03-25,3.69,22.22,72.35,6.19
2019-03-26,15.5,35.43,76.69,5.09
2019-03-27,10.47,32.77,62.12,7.09
2019-03-28,8.97,29.64,82.83,6.11
2019-03-29,15.66,28.72,77.31,4.51
2019-03-30,19.91,30.33,96.02,8.56
2019-03-31,21.1,29.79,87.82,10.34
2019-04-01,18.88,25.61,71.11,6.57
2019-04-02,15.63,28.47,85.17,10.71
2019-04-03,7.28,34.94,66.88,1.47
2019-04-04,7.42,19.51,69.41,13.44
2019-04-05,12.04,29.43,75.59,5.28
2019-04-06,5.76,26.34,82.84,6.73
2019-04-07,12.93,36.46,89.36,2.08
2019-04-08,3.39,25.71,65.68,5.39
2019-04-09,1.02,34.36,82.33,10.44
2019-04-10,23.34,30.44,89.15,9.85
2019-04-11,3.67,25.89,90.95,5.3
2019-04-12,12.89,26.0,80.84,6.96
2019-04-13,9.87,30.56,79.39,5.49
2019-04-14,0.3,26.51,83.99,7.88
2019-04-15,26.31,22.42,85.28,7.72
2019-04-16,19.0,22.78,82.28,6.03
2019-04-17,8.7,30.32,89.16,8.84
2019-04-18,17.99,28.28,74.23,10.96
2019-04-19,20.28,23.85,90.16,2.9
2019-04-20,19.18,19.24,75.11,11.96
2019-04-21,5.81,29.77,78.41,9.16
2019-04-22,17.58,28.3,63.52,8.29
2019-04-23,10.27,36.68,79.0,11.58
2019-04-24,12.25,26.12,86.39,5.59
2019-04-25,10.41,27.25,89.39,4.87
2019-04-26,30.96,22.62,96.07,10.04
2019-04-27,8.02,31.66,77.53,2.1
2019-04-28,16.07,35.09,76.19,11.39
2019-04-29,9.29,35.23,65.68,6.98
2019-04-30,12.57,25.36,79.15,8.06
2019-05-01,3.33,23.09,80.62,4.08
2019-05-02,20.51,24.63,78.82,7.35
2019-05-03,15.19,16.56,58.68,9.62
2019-05-04,16.15,34.81,81.25,5.86
2019-05-05,18.03,31.36,84.06,4.94
2019-05-06,1.11,21.17,81.98,9.19
2019-05-07,1.61,26.21,71.48,11.65
2019-05-08,25.08,31.48,74.76,10.69
2019-05-09,15.64,30.81,92.21,11.32
2019-05-10,15.92,23.71,71.36,7.09
2019-05-11,11.08,22.57,72.85,8.42
2019-05-12,16.63,21.88,64.72,8.81
2019-05-13,3.98,26.09,72.36,3.5
2019-05-14,22.36,31.63,95.2,10.67
2019-05-15,20.39,25.64,79.32,10.68
2019-05-16,10.42,28.6,80.97,7.81
2019-05-17,25.55,30.16,67.94,7.67
2019-05-18,11.94,30.75,69.12,6.94
2019-05-19,4.14,31.74,80.01,4.75
2019-05-20,8.78,33.38,85.44,12.88
2019-05-21,8.05,30.74,65.05,10.98
2019-05-22,10.98,28.21,87.15,8.26
2019-05-23,4.04,34.93,75.82,10.82
2019-05-24,25.57,22.38,72.87,10.67
2019-05-25,8.52,33.71,68.89,14.2
2019-05-26,17.64,27.15,64.07,7.83
2019-05-27,9.56,27.72,73.33,2.85
2019-05-28,16.5,29.59,86.54,8.27
2019-05-29,12.21,30.17,68.53,7.71
2019-05-30,25.07,21.98,69.13,9.39
2019-05-31,15.29,28.57,69.1,6.47
2019-06-01,10.75,21.71,89.15,3.74
2019-06-02,8.41,23.69,77.38,8.25
2019-06-03,13.08,23.29,66.76,2.41
2019-06-04,8.35,25.05,85.97,8.17
2019-06-05,0.89,23.99,82.88,7.98
2019-06-06,7.38,27.21,80.92,8.06
2019-06-07,10.13,24.31,82.71,9.17
2019-06-08,21.43,22.06,72.15,6.97
2019-06-09,19.44,25.46,80.12,2.5
2019-06-10,4.3,21.69,70.69,4.65
2019-06-11,6.21,25.22,82.72,5.66
2019-06-12,13.17,24.14,64.04,8.18
2019-06-13,6.19,25.91,87.63,9.5
2019-06-14,14.36,30.37,67.7,8.65
2019-06-15,16.22,26.66,88.39,5.87
2019-06-16,7.39,30.05,86.18,8.07
2019-06-17,8.17,25.1,92.81,11.76
2019-06-18,30.16,29.67,83.76,9.06
2019-06-19,19.98,34.2,88.6,7.66
2019-06-20,11.31,32.73,65.04,9.81
2019-06-21,12.01,23.4,82.85,7.22
2019-06-22,12.66,29.6,80.66,6.53
2019-06-23,23.23,31.9,89.0,9.75
2019-06-24,12.83,29.42,89.14,6.55
2019-06-25,21.66,32.07,80.65,8.07
2019-06-26,2.15,25.18,84.32,6.15
2019-06-27,2.88,28.04,74.95,11.07
2019-06-28,8.68,24.18,87.93,10.4
2019-06-29,3.34,28.0,74.08,3.14
2019-06-30,15.55,23.46,79.06,6.63
2019-07-01,6.44,30.34,60.08,4.83
2019-07-02,7.64,32.07,89.99,10.42
2019-07-03,12.06,28.01,82.9,9.32
2019-07-04,0.73,24.29,98.28,5.98
2019-07-05,8.06,28.85,81.95,6.84
2019-07-06,10.81,22.05,88.99,9.0
2019-07-07,2.05,32.87,84.78,8.59
2019-07-08,0.55,28.32,81.82,6.48
2019-07-09,5.01,31.68,73.89,0.25
2019-07-10,3.12,31.99,84.37,9.45
2019-07-11,4.11,35.6,82.66,6.93
2019-07-12,10.21,19.51,66.03,9.58
2019-07-13,13.47,30.11,81.0,7.85
2019-07-14,16.86,24.11,72.58,6.21
2019-07-15,17.24,29.03,78.16,7.63
2019-07-16,18.16,28.8,80.19,12.77
2019-07-17,19.11,14.59,85.71,10.48
2019-07-18,14.84,28.38,73.16,4.13
2019-07-19,4.08,33.68,83.23,7.48
2019-07-20,9.36,23.73,80.46,10.83
2019-07-21,9.39,28.73,92.33,5.71
2019-07-22,2.7,32.0,82.11,6.68
2019-07-23,27.82,24.55,81.89,3.61
2019-07-24,12.65,25.05,77.41,12.91
2019-07-25,23.63,20.59,78.5,11.45
2019-07-26,9.93,28.78,68.9,11.81
2019-07-27,11.06,19.75,70.11,9.13
2019-07-28,4.4,32.03,84.51,9.12
2019-07-29,6.68,25.08,77.74,9.01
2019-07-30,10.93,26.05,76.68,9.03
2019-07-31,13.64,26.4,81.07,4.26
2019-08-01,19.32,21.64,73.24,4.88
2019-08-02,11.34,23.24,70.95,4.08
2019-08-03,22.46,21.1,86.85,6.22
2019-08-04,17.5,33.59,89.27,9.05
2019-08-05,21.03,33.66,81.42,12.2
2019-08-06,12.27,24.19,73.39,6.56
2019-08-07,7.19,25.42,70.81,3.05
2019-08-08,15.41,23.24,61.04,6.82
2019-08-09,13.97,34.12,81.27,10.02
2019-08-10,20.01,24.69,63.08,8.16
2019-08-11,7.34,27.8,77.49,4.89
2019-08-12,14.42,35.34,83.05,4.18
2019-08-13,13.41,28.06,72.85,14.39
2019-08-14,6.13,30.77,78.06,9.3
2019-08-15,15.69,19.88,84.16,2.13
2019-08-16,10.29,17.54,79.66,8.4
2019-08-17,26.74,31.42,88.2,6.55
2019-08-18,21.94,19.15,64.81,12.15
2019-08-19,18.71,23.39,77.18,8.81
2019-08-20,4.32,19.14,68.31,10.87
2019-08-21,7.35,28.96,85.22,2.25
2019-08-22,20.93,30.86,81.02,8.64
2019-08-23,15.29,21.87,90.63,4.91
2019-08-24,14.57,25.05,81.13,9.58
2019-08-25,1.01,25.58,80.87,8.82
2019-08-26,12.86,25.43,76.29,14.4
2019-08-27,14.2,23.95,70.83,9.11
2019-08-28,14.48,25.77,72.06,7.13
2019-08-29,2.55,22.17,77.02,7.52
2019-08-30,0.74,24.08,73.98,9.03
2019-08-31,9.75,15.22,83.63,5.68
2019-09-01,0.13,20.87,68.5,14.06
2019-09-02,9.69,26.1,89.98,13.83
2019-09-03,14.89,28.39,73.17,7.14
2019-09-04,14.78,27.86,69.84,7.92
2019-09-05,18.12,25.41,76.47,9.51
2019-09-06,18.4,22.58,81.53,5.5
2019-09-07,7.71,28.06,86.09,9.61
2019-09-08,9.12,22.52,69.83,6.56
2019-09-09,13.59,13.96,79.91,3.43
2019-09-10,19.32,27.86,57.68,11.81
2019-09-11,12.71,21.95,78.03,11.27
2019-09-12,12.7,21.33,74.29,4.23
2019-09-13,14.6,26.44,69.5,14.36
2019-09-14,13.37,29.01,82.84,7.33
2019-09-15,17.86,23.56,65.72,10.67
2019-09-16,20.31,30.8,82.71,6.77
2019-09-17,1.27,27.01,80.45,6.54
2019-09-18,10.48,23.92,71.64,12.69
2019-09-19,4.54,21.0,98.51,10.98
2019-09-20,29.99,29.31,79.94,4.64
2019-09-21,2.74,28.65,72.14,4.51
2019-09-22,25.16,25.86,77.92,9.2
2019-09-23,12.09,27.22,63.15,5.08
2019-09-24,15.22,33.57,79.87,8.16
2019-09-25,17.19,26.67,75.1,4.73
2019-09-26,4.14,30.04,81.43,5.21
2019-09-27,12.48,30.79,90.4,7.48
2019-09-28,15.04,21.68,88.35,6.15
2019-09-29,19.01,38.36,86.2,3.16
2019-09-30,4.06,32.15,73.62,7.21
2019-10-01,20.32,33.63,80.52,10.73
2019-10-02,12.34,28.05,82.46,7.52
2019-10-03,15.85,24.48,72.96,11.09
2019-10-04,4.2,23.31,92.03,4.25
2019-10-05,23.86,22.91,73.03,6.26
2019-10-06,23.11,21.66,69.46,7.35
2019-10-07,21.29,25.22,81.07,5.76
2019-10-08,15.83,22.03,73.83,11.16
2019-10-09,8.56,22.12,66.69,5.45
2019-10-10,7.26,27.24,83.03,6.81
2019-10-11,13.87,25.17,85.72,10.4
2019-10-12,12.67,32.11,70.91,10.32
2019-10-13,12.89,28.06,88.07,2.56
2019-10-14,10.15,22.66,76.18,3.47
2019-10-15,14.0,25.17,78.34,12.27
2019-10-16,0.54,26.13,73.44,6.19
2019-10-17,27.47,28.27,83.29,9.88
2019-10-18,20.62,29.64,81.25,4.67
2019-10-19,14.45,28.83,74.47,13.3
2019-10-20,12.36,29.67,75.08,7.57
2019-10-21,10.63,23.41,78.18,3.07
2019-10-22,18.61,22.69,71.97,9.13
2019-10-23,13.56,27.95,80.66,7.76
2019-10-24,14.9,30.36,62.28,0.31
2019-10-25,10.74,30.59,72.17,2.94
2019-10-26,14.58,33.96,78.11,6.74
2019-10-27,5.57,19.93,89.86,8.35
2019-10-28,19.66,22.3,79.55,10.17
2019-10-29,8.25,23.71,62.82,8.96
2019-10-30,15.97,25.9,88.5,7.68
2019-10-31,5.34,27.54,72.36,3.32
2019-11-01,4.46,34.38,76.04,5.89
2019-11-02,22.41,28.08,76.05,9.47
2019-11-03,11.05,24.95,73.13,6.63
2019-11-04,31.4,27.47,87.68,1.36
2019-11-05,12.89,23.0,76.03,7.91
2019-11-06,10.97,28.79,79.26,9.95
2019-11-07,8.85,21.11,93.79,11.19
2019-11-08,16.8,30.67,81.36,4.63
2019-11-09,24.11,28.47,80.09,5.59
2019-11-10,4.7,26.59,82.34,6.96
2019-11-11,15.92,24.49,67.63,9.86
2019-11-12,21.78,23.85,78.11,4.09
2019-11-13,20.48,31.51,69.27,10.39
2019-11-14,10.75,25.51,87.71,7.31
2019-11-15,18.92,30.65,86.9,11.95
2019-11-16,11.92,28.62,75.32,9.42
2019-11-17,21.23,21.71,77.58,7.15
2019-11-18,2.78,24.91,87.94,2.55
2019-11-19,12.32,25.37,85.29,3.55
2019-11-20,6.76,22.99,71.94,7.84
2019-11-21,18.05,31.62,72.05,11.06
2019-11-22,7.81,34.04,79.09,5.35
2019-11-23,5.84,22.41,68.76,8.45
2019-11-24,29.27,27.58,78.69,9.17
2019-11-25,11.42,26.58,63.59,8.09
2019-11-26,8.1,28.25,72.96,7.33
2019-11-27,11.42,28.97,87.31,7.69
2019-11-28,5.22,28.45,78.71,7.33
2019-11-29,5.13,27.68,68.36,5.33
2019-11-30,21.08,24.3,80.49,4.59
2019-12-01,17.65,27.16,65.16,5.05
2019-12-02,1.05,29.06,79.62,7.79
2019-12-03,4.51,20.56,64.79,7.06
2019-12-04,26.83,19.13,80.22,11.5
2019-12-05,7.84,27.2,70.12,8.25
2019-12-06,4.44,23.15,75.87,9.42
2019-12-07,9.14,28.08,73.66,9.21
2019-12-08,20.99,27.72,86.84,11.16
2019-12-09,4.29,19.67,64.47,5.95
2019-12-10,5.07,20.53,74.08,8.95
2019-12-11,19.6,31.34,71.88,8.83
2019-12-12,17.22,25.66,77.25,6.3
2019-12-13,7.86,22.6,84.39,9.29
2019-12-14,6.73,31.64,89.78,8.67
2019-12-15,14.68,25.29,84.63,8.99
2019-12-16,0.99,20.29,83.51,15.8
2019-12-17,12.54,34.86,74.03,8.27
2019-12-18,0.16,26.23,71.47,10.59
2019-12-19,11.65,26.57,72.08,13.1
2019-12-20,29.65,24.62,65.44,5.84
2019-12-21,17.58,29.38,68.65,10.37
2019-12-22,25.24,23.9,84.4,13.02
2019-12-23,14.3,23.6,78.31,9.74
2019-12-24,24.02,31.68,77.96,9.07
2019-12-25,16.2,28.38,81.43,3.15
2019-12-26,10.12,19.08,66.29,13.26
2019-12-27,12.55,24.76,71.72,4.28
2019-12-28,24.07,20.05,77.64,4.28
2019-12-29,18.03,31.13,69.6,6.94
2019-12-30,27.4,25.86,77.76,8.42
2019-12-31,7.32,21.77,83.95,6.9
2020-01-01,32.27,26.39,65.36,10.71
2020-01-02,6.36,24.62,80.4,11.88
2020-01-03,3.4,29.64,81.19,6.08
2020-01-04,4.51,21.26,75.52,10.98
2020-01-05,17.67,30.78,76.8,3.4
2020-01-06,21.05,34.75,74.18,9.16
2020-01-07,18.98,31.28,78.44,6.8
2020-01-08,3.23,26.96,84.97,4.79
2020-01-09,19.9,31.15,67.43,9.78
2020-01-10,13.18,27.32,74.6,11.48
2020-01-11,7.87,22.58,84.9,7.85
2020-01-12,8.24,18.13,69.98,11.28
2020-01-13,8.17,31.76,63.05,5.12
2020-01-14,1.92,27.32,67.93,10.78
2020-01-15,7.05,28.24,76.21,8.42
2020-01-16,15.29,24.93,79.56,10.15
2020-01-17,0.48,27.36,70.98,6.64
2020-01-18,21.68,26.59,83.72,8.22
2020-01-19,17.59,21.35,87.5,8.52
2020-01-20,13.65,22.15,74.61,5.68
2020-01-21,18.1,28.54,73.04,0.14
2020-01-22,4.94,16.85,64.67,8.22
2020-01-23,11.36,33.15,74.94,5.14
2020-01-24,8.79,26.25,77.68,3.8
2020-01-25,2.88,38.27,100.0,9.23
2020-01-26,22.75,27.07,88.28,4.8
2020-01-27,18.1,20.21,75.76,11.65
2020-01-28,9.51,28.65,84.45,7.81
2020-01-29,4.04,27.79,67.88,8.48
2020-01-30,17.11,26.1,86.35,8.26
2020-01-31,1.62,29.63,82.67,9.43
2020-02-01,29.37,22.23,75.23,8.02
2020-02-02,14.98,34.77,83.06,5.8
2020-02-03,18.69,26.57,79.58,11.58
2020-02-04,17.78,23.68,84.14,7.94
2020-02-05,18.19,20.84,84.14,8.53
2020-02-06,8.21,28.34,74.77,6.23
2020-02-07,21.55,36.63,62.23,4.58
2020-02-08,13.61,8.61,88.17,8.76
2020-02-09,12.44,14.05,74.98,5.65
2020-02-10,15.5,29.67,81.56,7.87
2020-02-11,11.96,25.39,76.81,7.45
2020-02-12,26.15,23.6,80.88,9.34
2020-02-13,8.35,30.21,67.37,7.98
2020-02-14,21.06,20.28,88.37,9.24
2020-02-15,21.33,28.37,74.76,6.09
2020-02-16,13.75,26.91,83.16,5.96
2020-02-17,11.44,31.89,64.88,8.99
2020-02-18,6.78,21.48,69.54,8.71
2020-02-19,21.66,21.7,67.91,8.43
2020-02-20,7.44,23.75,84.96,10.89
2020-02-21,14.41,26.85,68.68,9.39
2020-02-22,18.06,28.3,83.83,2.59
2020-02-23,9.03,41.95,82.13,7.71
2020-02-24,30.84,32.58,86.19,0.32
2020-02-25,19.65,23.41,86.49,6.88
2020-02-26,27.57,26.09,72.9,5.94
2020-02-27,23.3,21.65,73.31,11.52
2020-02-28,0.87,30.76,74.1,2.87
2020-02-29,22.78,29.58,79.4,2.72
2020-03-01,18.33,27.73,85.06,9.35
2020-03-02,12.9,18.39,64.14,3.76
2020-03-03,17.45,26.63,87.53,9.64
2020-03-04,0.3,29.57,81.9,6.34
2020-03-05,6.79,23.33,93.54,5.87
2020-03-06,15.88,30.65,69.29,2.73
2020-03-07,18.33,27.86,80.7,6.76
2020-03-08,3.06,27.92,77.27,7.54
2020-03-09,8.9,31.23,64.65,12.33
2020-03-10,19.13,35.56,92.65,7.0
2020-03-11,16.18,21.49,80.45,7.4
2020-03-12,14.92,19.42,82.0,8.44
2020-03-13,15.75,28.81,84.71,11.1
2020-03-14,21.9,27.55,78.71,9.93
2020-03-15,10.71,30.47,94.62,2.09
2020-03-16,8.26,24.77,68.52,8.38
2020-03-17,23.8,22.35,76.66,8.34
2020-03-18,2.12,16.73,74.95,11.38
2020-03-19,16.01,27.3,93.72,5.65
2020-03-20,14.83,28.13,64.76,9.56
2020-03-21,13.21,21.52,76.71,12.31
2020-03-22,8.82,17.5,85.3,9.55
2020-03-23,16.29,25.35,83.39,8.89
2020-03-24,16.82,29.82,62.45,5.6
2020-03-25,12.51,27.09,67.94,6.9
2020-03-26,11.26,22.88,69.28,8.76
2020-03-27,28.04,12.33,83.71,14.55
2020-03-28,2.53,24.49,78.15,11.19
2020-03-29,16.01,34.05,67.61,7.73
2020-03-30,27.99,20.56,61.14,4.65
2020-03-31,11.9,20.5,67.26,11.75
2020-04-01,5.03,24.32,87.94,8.88
2020-04-02,3.57,23.21,80.92,4.26
2020-04-03,0.06,20.77,72.77,12.02
2020-04-04,21.29,28.16,74.34,9.51
2020-04-05,4.26,17.48,94.83,6.09
2020-04-06,6.34,23.02,85.36,1.06
2020-04-07,6.48,24.62,93.96,12.2
2020-04-08,6.62,23.98,71.66,9.42
2020-04-09,20.54,33.92,72.89,6.36
2020-04-10,5.68,32.58,72.52,6.48
2020-04-11,13.71,20.5,68.65,13.54
2020-04-12,10.65,27.76,88.81,7.94
2020-04-13,22.24,21.65,68.09,11.67
2020-04-14,0.69,26.55,81.25,7.95
2020-04-15,10.83,21.12,84.64,13.6
2020-04-16,17.01,34.85,65.69,3.37
2020-04-17,1.03,28.67,78.85,13.42
2020-04-18,14.09,31.22,70.04,8.33
2020-04-19,8.37,23.08,81.98,10.51
2020-04-20,23.44,24.41,72.81,6.59
2020-04-21,15.89,33.31,76.92,5.52
2020-04-22,6.41,23.31,73.6,4.63
2020-04-23,20.77,20.46,95.04,8.4
2020-04-24,21.69,25.82,62.9,4.9
2020-04-25,17.64,27.1,70.92,4.98
2020-04-26,5.62,27.16,100.0,6.27
2020-04-27,29.32,22.61,80.5,6.13
2020-04-28,17.38,26.58,80.46,4.57
2020-04-29,13.43,26.43,67.7,9.74
2020-04-30,14.07,24.2,76.7,2.4
2020-05-01,0.65,24.97,80.19,8.14
2020-05-02,14.94,22.44,79.43,2.13
2020-05-03,24.07,20.08,91.57,7.44
2020-05-04,2.26,30.14,89.13,7.35
2020-05-05,13.56,24.72,81.92,12.18
2020-05-06,5.41,28.28,74.87,12.82
2020-05-07,12.24,17.13,76.15,10.35
2020-05-08,13.41,28.55,67.8,2.12
2020-05-09,24.3,22.72,75.63,11.18
2020-05-10,1.31,16.12,83.06,4.79
2020-05-11,6.39,31.08,75.62,10.13
2020-05-12,10.64,27.12,75.31,7.01
2020-05-13,37.35,21.73,73.61,11.66
2020-05-14,5.61,30.78,89.27,9.98
2020-05-15,8.66,37.16,67.14,12.03
2020-05-16,17.45,31.6,72.41,7.68
2020-05-17,15.82,36.26,88.34,9.56
2020-05-18,8.64,23.99,83.61,7.61
2020-05-19,0.35,17.68,67.13,7.28
2020-05-20,14.52,26.93,94.95,10.42
2020-05-21,9.62,33.27,87.87,15.13
2020-05-22,6.28,31.3,85.52,6.39
2020-05-23,10.62,30.59,87.67,9.73
2020-05-24,13.17,18.46,80.9,13.99
2020-05-25,20.02,36.49,77.11,13.13
2020-05-26,7.35,27.99,93.09,5.01
2020-05-27,16.92,24.67,76.35,11.28
2020-05-28,7.62,22.78,77.2,9.82
2020-05-29,8.93,27.25,74.63,8.36
2020-05-30,7.41,27.97,75.39,4.21
2020-05-31,17.02,26.0,69.08,9.84
2020-06-01,2.28,28.88,74.89,6.54
2020-06-02,3.11,30.76,84.03,11.59
2020-06-03,12.98,23.47,86.27,2.89
2020-06-04,5.71,18.04,64.74,13.46
2020-06-05,7.14,31.64,62.74,7.58
2020-06-06,24.65,29.09,72.56,8.12
2020-06-07,10.32,13.78,88.79,3.97
2020-06-08,27.16,24.22,74.33,13.35
2020-06-09,8.32,37.3,74.19,10.66
2020-06-10,17.2,17.06,68.82,7.62
2020-06-11,3.18,30.84,79.01,8.27
2020-06-12,21.04,29.35,76.68,5.72
2020-06-13,17.64,24.09,79.32,10.45
2020-06-14,17.44,24.66,78.41,6.98
2020-06-15,25.58,25.44,86.71,7.16
2020-06-16,10.28,23.51,82.26,7.64
2020-06-17,2.85,23.98,72.66,6.9
2020-06-18,15.51,28.89,73.32,9.19
2020-06-19,12.33,27.69,75.02,6.74
2020-06-20,20.36,17.07,73.9,9.95
2020-06-21,29.12,26.4,88.5,9.03
2020-06-22,9.89,18.27,87.86,5.7
2020-06-23,22.45,32.85,81.79,7.68
2020-06-24,34.27,22.51,76.79,8.73
2020-06-25,9.56,26.3,81.37,5.1
2020-06-26,15.96,22.18,70.26,14.89
2020-06-27,1.35,31.18,69.13,14.1
2020-06-28,18.69,20.02,91.29,13.29
2020-06-29,9.36,25.81,92.49,11.37
2020-06-30,3.41,19.0,89.21,9.03
2020-07-01,22.41,27.7,79.49,8.69
2020-07-02,1.81,18.04,91.81,8.75
2020-07-03,22.79,26.37,69.52,4.15
2020-07-04,9.03,29.52,78.69,6.36
2020-07-05,16.04,18.68,72.69,9.86
2020-07-06,19.99,30.6,79.61,8.56
2020-07-07,14.29,18.3,62.93,8.23
2020-07-08,22.58,22.8,90.22,5.59
2020-07-09,4.02,25.11,76.66,6.12
2020-07-10,7.4,18.5,68.38,5.94
2020-07-11,12.54,28.9,72.98,13.75
2020-07-12,9.93,28.58,79.4,8.96
2020-07-13,13.18,34.76,69.13,3.74
2020-07-14,2.34,29.59,79.51,8.71
2020-07-15,17.08,32.56,73.29,4.32
2020-07-16,28.08,17.88,59.08,14.4
2020-07-17,3.46,25.27,80.1,11.45
2020-07-18,12.46,22.33,68.58,11.06
2020-07-19,0.58,33.83,66.72,10.6
2020-07-20,6.34,30.7,78.58,10.34
2020-07-21,13.01,22.67,72.32,5.93
2020-07-22,17.76,21.36,86.53,9.66
2020-07-23,13.18,29.61,70.09,10.97
2020-07-24,19.76,21.88,81.27,7.64
2020-07-25,21.48,34.37,78.23,5.73
2020-07-26,6.65,29.72,75.89,3.97
2020-07-27,9.82,28.45,83.06,7.11
2020-07-28,2.64,26.89,67.64,10.18
2020-07-29,25.45,21.54,70.56,4.77
2020-07-30,13.45,21.33,80.79,7.69
2020-07-31,5.7,26.87,79.05,7.04
2020-08-01,10.73,17.16,74.54,5.0
2020-08-02,7.93,38.55,81.07,7.78
2020-08-03,9.2,19.25,77.84,5.87
2020-08-04,17.07,24.87,79.03,8.23
2020-08-05,11.77,28.09,88.7,8.95
2020-08-06,21.87,30.69,77.58,8.1
2020-08-07,16.58,22.57,68.45,4.84
2020-08-08,7.9,26.79,66.28,11.73
2020-08-09,6.39,24.64,78.73,10.17
2020-08-10,5.97,27.61,66.56,9.1
2020-08-11,16.19,34.27,74.96,8.41
2020-08-12,8.5,31.72,72.5,9.13
2020-08-13,8.25,30.05,88.8,9.98
2020-08-14,11.74,29.11,82.28,5.69
2020-08-15,10.24,30.79,81.98,9.26
2020-08-16,15.73,16.69,67.0,7.15
2020-08-17,23.23,22.05,82.19,6.6
2020-08-18,16.17,43.26,82.06,6.4
2020-08-19,16.6,33.3,96.25,6.98
2020-08-20,0.51,21.99,66.99,3.62
2020-08-21,18.86,19.66,78.08,9.17
2020-08-22,6.77,27.87,81.88,2.73
2020-08-23,6.43,29.08,73.19,2.78
2020-08-24,11.92,26.89,84.47,7.35
2020-08-25,5.95,29.15,81.7,9.97
2020-08-26,17.36,27.79,76.59,8.71
2020-08-27,9.54,23.61,70.64,0.86
2020-08-28,1.93,29.57,74.77,10.81
2020-08-29,16.05,28.27,85.58,9.07
2020-08-30,12.35,36.92,61.64,6.35
2020-08-31,4.38,25.95,73.34,13.25
2020-09-01,20.57,28.68,80.34,10.76
2020-09-02,1.86,26.7,88.99,10.17
2020-09-03,11.69,23.88,77.12,13.28
2020-09-04,10.42,39.28,73.99,7.15
2020-09-05,16.35,27.22,83.37,4.64
2020-09-06,4.27,31.09,74.16,7.94
2020-09-07,5.8,40.66,79.61,8.22
2020-09-08,7.23,22.48,76.86,8.46
2020-09-09,22.01,29.08,86.02,7.24
2020-09-10,5.4,24.28,73.34,6.76
2020-09-11,12.36,36.05,71.55,9.26
2020-09-12,22.68,32.53,86.29,14.06
2020-09-13,9.52,22.68,91.1,8.76
2020-09-14,11.53,18.74,92.39,6.59
2020-09-15,3.48,32.11,68.23,8.86
2020-09-16,16.38,35.49,84.99,6.06
2020-09-17,7.33,33.59,83.5,12.42
2020-09-18,2.74,22.7,65.4,7.94
2020-09-19,4.14,25.27,56.04,7.61
2020-09-20,2.54,21.86,79.93,3.02
2020-09-21,9.81,27.07,72.44,1.31
2020-09-22,1.37,37.33,86.75,8.51
2020-09-23,1.9,30.02,88.61,7.56
2020-09-24,11.97,27.07,83.14,13.27
2020-09-25,11.92,29.37,75.99,7.71
2020-09-26,9.72,23.17,75.99,8.35
2020-09-27,1.23,27.27,62.24,4.65
2020-09-28,12.21,30.14,75.68,6.71
2020-09-29,21.56,25.28,84.72,5.91
2020-09-30,5.35,43.33,73.4,5.5
2020-10-01,1.76,28.45,97.58,6.9
2020-10-02,10.98,16.94,73.76,5.46
2020-10-03,19.61,28.85,84.91,12.42
2020-10-04,18.74,24.96,76.35,6.7
2020-10-05,20.83,35.74,72.05,11.32
2020-10-06,13.28,19.76,74.38,7.32
2020-10-07,13.56,34.92,77.55,6.73
2020-10-08,10.05,30.19,85.48,7.84
2020-10-09,1.61,24.6,66.27,2.44
2020-10-10,0.63,29.03,76.75,7.49
2020-10-11,13.46,25.19,79.22,4.86
2020-10-12,4.17,27.58,70.09,14.45
2020-10-13,8.83,25.55,81.33,8.34
2020-10-14,11.97,25.92,82.82,4.67
2020-10-15,3.66,33.34,80.34,12.46
2020-10-16,16.14,21.06,89.21,8.9
2020-10-17,5.39,29.81,84.0,5.82
2020-10-18,4.91,31.73,71.95,9.09
2020-10-19,4.53,31.22,69.02,11.37
2020-10-20,29.26,28.72,75.84,12.95
2020-10-21,23.82,31.24,76.36,7.72
2020-10-22,5.61,28.03,71.87,15.02
2020-10-23,18.51,20.82,87.88,9.13
2020-10-24,21.62,28.83,64.45,3.37
2020-10-25,12.66,27.23,72.03,3.33
2020-10-26,22.38,26.28,81.95,10.32
2020-10-27,13.12,24.82,77.39,15.56
2020-10-28,5.33,24.07,79.4,3.2
2020-10-29,11.31,25.34,79.57,6.68
2020-10-30,21.29,26.08,81.77,5.82
2020-10-31,12.66,31.53,77.64,9.91
2020-11-01,8.08,18.29,73.19,9.21
2020-11-02,7.12,21.25,93.26,6.18
2020-11-03,5.45,31.58,85.5,7.27
2020-11-04,7.48,27.24,81.64,5.39
2020-11-05,25.24,25.07,81.96,10.99
2020-11-06,6.92,24.52,84.64,7.88
2020-11-07,18.0,25.82,58.04,14.37
2020-11-08,13.06,18.59,80.18,10.63
2020-11-09,9.79,22.74,67.38,6.98
2020-11-10,10.96,24.02,82.14,7.57
2020-11-11,1.5,28.69,78.02,14.9
2020-11-12,5.03,28.57,67.77,7.6
2020-11-13,23.76,24.15,71.67,6.5
2020-11-14,9.87,22.77,78.01,3.31
2020-11-15,19.91,28.14,74.3,6.4
2020-11-16,12.46,22.04,87.5,5.1
2020-11-17,7.74,32.89,80.95,9.63
2020-11-18,11.09,31.77,80.94,14.08
2020-11-19,21.62,32.94,74.48,6.04
2020-11-20,8.73,23.56,76.98,10.67
2020-11-21,9.62,21.63,78.51,13.54
2020-11-22,7.7,17.74,75.51,7.09
2020-11-23,13.75,32.47,71.04,11.16
2020-11-24,16.54,30.44,70.24,10.44
2020-11-25,3.25,22.29,66.33,6.73
2020-11-26,25.23,25.93,88.36,12.6
2020-11-27,13.29,30.12,83.93,8.07
2020-11-28,14.96,21.89,70.1,7.28
2020-11-29,10.02,24.35,72.12,5.86
2020-11-30,12.38,32.42,82.96,2.84
2020-12-01,9.37,23.9,63.62,1.78
2020-12-02,14.81,31.64,82.05,8.66
2020-12-03,4.81,34.25,79.93,8.6
2020-12-04,14.28,21.01,83.12,11.12
2020-12-05,19.6,23.89,81.12,11.95
2020-12-06,9.92,21.92,72.38,4.78
2020-12-07,13.68,18.5,76.99,13.16
2020-12-08,10.21,22.94,100.0,6.08
2020-12-09,24.28,20.13,67.41,12.33
2020-12-10,10.1,21.09,87.21,9.43
2020-12-11,11.77,30.84,73.29,8.18
2020-12-12,21.15,23.75,68.31,10.78
2020-12-13,19.25,29.53,89.28,10.78
2020-12-14,16.72,27.44,82.07,9.89
2020-12-15,11.4,25.26,87.61,2.43
2020-12-16,15.76,27.55,78.09,7.74
2020-12-17,15.98,31.51,81.24,7.42
2020-12-18,2.34,31.16,85.64,6.98
2020-12-19,9.61,29.04,61.69,14.04
2020-12-20,16.24,27.04,70.99,6.38
2020-12-21,7.23,35.58,86.2,5.77
2020-12-22,8.46,27.97,64.87,6.06
2020-12-23,11.3,22.81,71.9,5.65
2020-12-24,2.25,29.92,78.75,10.13
2020-12-25,1.62,27.13,81.96,5.55
2020-12-26,22.06,23.3,76.72,8.25
2020-12-27,17.24,26.58,69.79,9.5
2020-12-28,8.72,33.8,66.66,3.73
2020-12-29,18.94,36.17,66.31,11.55
2020-12-30,13.86,28.21,89.71,6.78
2020-12-31,2.07,21.3,77.88,8.49
2021-01-01,10.1,16.77,65.82,6.89
2021-01-02,5.3,30.7,65.61,6.95
2021-01-03,16.29,20.82,68.73,8.29
2021-01-04,13.96,25.45,76.27,4.33
2021-01-05,5.98,26.03,75.14,9.06
2021-01-06,7.57,22.93,84.85,4.38
2021-01-07,17.29,31.72,82.76,1.71
2021-01-08,24.26,18.19,72.78,4.8
2021-01-09,24.35,33.51,70.38,11.37
2021-01-10,0.35,24.31,78.97,11.76
2021-01-11,14.36,27.35,78.73,0.06
2021-01-12,2.27,18.23,77.82,6.03
2021-01-13,7.83,17.15,85.99,8.46
2021-01-14,12.99,20.7,97.04,10.44
2021-01-15,10.64,33.16,86.98,9.09
2021-01-16,5.9,31.27,69.6,6.61
2021-01-17,1.85,28.48,69.64,7.15
2021-01-18,13.42,22.83,69.86,5.59
2021-01-19,8.91,20.4,81.53,10.89
2021-01-20,0.52,28.05,81.36,9.6
2021-01-21,4.95,30.0,77.49,8.71
2021-01-22,20.51,24.45,80.86,6.18
2021-01-23,17.93,21.15,80.69,2.76
2021-01-24,4.43,27.67,89.43,12.87
2021-01-25,11.87,20.72,87.79,7.1
2021-01-26,7.5,24.31,66.32,7.3
2021-01-27,1.91,26.13,81.53,7.65
2021-01-28,14.16,30.7,82.2,6.95
2021-01-29,21.94,15.62,88.22,6.89
2021-01-30,1.64,22.42,72.62,3.47
2021-01-31,27.03,19.1,79.63,8.56
2021-02-01,24.01,33.18,84.23,8.68
2021-02-02,16.24,34.41,76.05,7.76
2021-02-03,22.87,21.06,79.66,2.2
2021-02-04,20.15,23.2,78.59,3.35
2021-02-05,11.63,28.84,79.94,3.56
2021-02-06,11.42,25.28,73.58,11.82
2021-02-07,1.4,20.33,86.82,6.3
2021-02-08,21.07,22.79,71.55,7.81
2021-02-09,24.6,17.33,57.82,7.4
2021-02-10,22.17,26.7,77.11,9.41
2021-02-11,6.64,25.64,72.7,7.91
2021-02-12,19.18,10.71,81.59,9.7
2021-02-13,10.1,29.39,83.31,7.79
2021-02-14,10.51,29.1,67.68,7.34
2021-02-15,22.42,28.35,80.79,12.22
2021-02-16,0.24,27.88,71.81,9.26
2021-02-17,4.02,31.83,78.77,2.63
2021-02-18,10.65,29.55,80.1,5.49
2021-02-19,9.8,31.28,73.92,6.56
2021-02-20,1.34,18.24,93.17,9.43
2021-02-21,7.13,27.53,81.33,5.57
2021-02-22,7.86,27.58,83.04,8.04
2021-02-23,22.12,24.45,84.21,8.02
2021-02-24,5.41,19.84,72.5,13.32
2021-02-25,7.74,26.3,96.32,7.82
2021-02-26,9.11,22.97,79.48,10.09
2021-02-27,19.64,29.25,81.74,7.89
2021-02-28,0.06,18.45,73.85,12.68
2021-03-01,10.77,30.26,84.82,9.05
2021-03-02,18.67,25.99,79.51,4.13
2021-03-03,0.94,29.12,81.21,12.24
2021-03-04,19.69,29.64,64.45,7.0
2021-03-05,13.76,24.57,67.12,5.85
2021-03-06,25.86,23.56,79.94,8.82
2021-03-07,18.55,32.79,81.62,11.02
2021-03-08,6.9,23.47,81.26,8.82
2021-03-09,28.28,26.28,73.17,8.11
2021-03-10,16.99,27.2,82.26,11.45
2021-03-11,20.12,30.89,69.8,11.04
2021-03-12,9.78,21.7,72.57,7.7
2021-03-13,19.23,22.6,78.45,3.6
2021-03-14,5.88,27.08,74.65,0.53
2021-03-15,15.29,32.7,79.88,7.35
2021-03-16,8.45,24.85,77.44,7.57
2021-03-17,27.14,32.81,66.87,4.29
2021-03-18,9.47,24.98,72.66,7.17
2021-03-19,11.27,37.78,77.81,5.07
2021-03-20,18.34,30.25,73.35,14.31
2021-03-21,2.75,24.18,75.51,11.6
2021-03-22,9.01,27.45,73.49,10.87
2021-03-23,22.63,31.47,79.38,8.79
2021-03-24,16.12,27.98,77.04,8.64
2021-03-25,8.66,18.87,78.92,0.84
2021-03-26,16.06,30.03,85.99,4.57
2021-03-27,1.17,25.56,69.17,3.21
2021-03-28,24.44,23.32,88.51,6.72
2021-03-29,15.27,28.26,87.79,2.79
2021-03-30,0.78,36.13,74.88,6.46
2021-03-31,5.26,21.82,74.19,10.2
2021-04-01,5.62,27.87,71.33,9.52
2021-04-02,18.5,27.86,70.4,7.69
2021-04-03,25.1,27.63,71.13,7.25
2021-04-04,4.96,23.34,68.21,8.39
2021-04-05,2.06,16.48,81.24,7.62
2021-04-06,17.71,31.54,65.01,7.78
2021-04-07,14.61,29.65,74.98,10.07
2021-04-08,25.89,22.35,75.65,12.83
2021-04-09,13.61,24.28,85.57,11.06
2021-04-10,7.21,23.09,79.46,3.85
2021-04-11,9.67,31.01,69.87,6.23
2021-04-12,23.86,27.58,80.54,6.43
2021-04-13,1.47,26.44,81.77,8.86
2021-04-14,9.05,34.83,77.09,12.96
2021-04-15,18.65,29.06,84.04,6.64
2021-04-16,19.13,30.27,81.97,11.18
2021-04-17,13.05,20.1,72.74,10.31
2021-04-18,27.04,24.12,73.76,11.18
2021-04-19,24.49,29.11,84.76,8.26
2021-04-20,12.35,28.78,84.41,12.39
2021-04-21,18.64,27.0,68.26,10.09
2021-04-22,18.39,26.78,89.91,9.94
2021-04-23,17.49,23.47,64.03,8.87
2021-04-24,13.6,23.1,69.89,6.95
2021-04-25,1.91,29.77,79.13,6.91
2021-04-26,10.62,28.8,75.45,13.71
2021-04-27,13.38,27.95,77.25,6.65
2021-04-28,2.28,32.01,73.7,13.83
2021-04-29,0.49,20.33,97.3,11.75
2021-04-30,4.72,22.5,78.98,8.71
2021-05-01,25.32,30.85,70.26,5.93
2021-05-02,15.32,33.18,83.58,13.61
2021-05-03,13.35,32.8,75.39,5.18
2021-05-04,9.87,26.84,73.25,4.96
2021-05-05,7.13,29.9,72.69,8.88
2021-05-06,23.53,34.61,64.28,6.34
2021-05-07,13.92,35.42,78.41,8.95
2021-05-08,10.22,24.13,82.68,8.75
2021-05-09,5.78,31.55,78.58,8.49
2021-05-10,6.48,27.08,85.3,5.23
2021-05-11,7.08,34.08,71.57,7.34
2021-05-12,25.1,27.68,95.87,8.95
2021-05-13,16.18,32.15,83.14,7.16
2021-05-14,7.85,34.09,83.91,9.24
2021-05-15,14.42,25.48,73.35,11.05
2021-05-16,22.92,20.94,73.97,5.06
2021-05-17,5.38,28.18,82.73,7.78
2021-05-18,9.42,28.89,87.07,10.17
2021-05-19,0.02,21.68,79.89,9.87
2021-05-20,15.15,30.51,64.31,5.4
2021-05-21,20.12,28.3,86.94,5.58
2021-05-22,7.44,25.98,69.92,7.11
2021-05-23,14.66,30.18,69.35,6.19
2021-05-24,20.04,23.44,98.65,8.25
2021-05-25,11.61,27.82,72.89,4.46
2021-05-26,8.6,32.29,89.33,6.35
2021-05-27,9.8,31.08,79.8,13.39
2021-05-28,11.13,20.83,70.97,6.53
2021-05-29,8.02,34.06,89.63,7.32
2021-05-30,8.15,35.29,85.43,3.93
2021-05-31,9.01,27.95,83.66,8.29
2021-06-01,11.54,24.38,73.61,15.19
2021-06-02,22.92,23.96,79.13,6.63
2021-06-03,11.91,31.18,93.76,7.05
2021-06-04,11.68,21.55,76.28,12.31
2021-06-05,11.79,25.4,83.46,14.41
2021-06-06,4.92,23.05,68.17,8.44
2021-06-07,5.99,28.19,78.46,6.11
2021-06-08,14.2,33.89,77.59,3.61
2021-06-09,3.47,25.9,83.92,2.53
2021-06-10,6.35,30.4,84.08,15.82
2021-06-11,3.62,19.9,71.93,10.11
2021-06-12,4.02,29.45,81.41,8.19
2021-06-13,3.76,24.94,80.99,9.35
2021-06-14,3.58,29.19,82.65,5.38
2021-06-15,17.92,31.45,70.86,9.56
2021-06-16,0.48,28.64,92.63,10.52
2021-06-17,4.53,35.61,76.55,7.15
2021-06-18,15.71,24.74,76.07,9.9
2021-06-19,11.54,27.23,75.86,4.3
2021-06-20,15.59,29.13,73.33,8.65
2021-06-21,8.77,19.95,71.18,8.71
2021-06-22,16.24,22.7,77.62,13.05
2021-06-23,8.15,28.72,96.19,5.43
2021-06-24,24.92,19.33,81.84,3.11
2021-06-25,5.02,21.64,70.57,9.75
2021-06-26,6.69,33.17,95.34,5.64
2021-06-27,24.63,30.06,82.42,4.89
2021-06-28,5.25,25.73,90.24,9.13
2021-06-29,14.35,29.37,77.17,6.0
2021-06-30,6.43,29.49,64.45,3.55
2021-07-01,17.3,19.77,65.6,10.54
2021-07-02,15.87,13.69,93.02,11.03
2021-07-03,28.05,32.2,86.52,6.5
2021-07-04,3.5,31.19,84.79,6.23
2021-07-05,10.33,33.4,71.45,2.96
2021-07-06,5.6,23.54,85.27,6.36
2021-07-07,7.24,29.11,79.79,3.0
2021-07-08,18.53,30.98,63.69,12.14
2021-07-09,15.56,27.85,72.66,12.35
2021-07-10,21.19,27.02,70.08,9.87
2021-07-11,15.56,32.96,80.87,6.93
2021-07-12,20.03,25.64,76.46,6.1
2021-07-13,2.88,20.11,76.28,3.84
2021-07-14,23.9,26.39,83.31,6.83
2021-07-15,17.13,27.6,83.67,11.34
2021-07-16,12.54,31.83,74.72,7.79
2021-07-17,10.35,30.3,71.61,12.84
2021-07-18,4.73,22.71,72.13,2.02
2021-07-19,2.17,31.31,77.52,10.88
2021-07-20,17.52,27.06,89.86,4.54
2021-07-21,9.76,27.5,85.51,8.73
2021-07-22,23.75,32.92,59.93,9.67
2021-07-23,8.19,23.57,67.26,7.56
2021-07-24,18.37,31.1,95.95,7.49
2021-07-25,8.04,21.08,69.42,9.81
2021-07-26,0.94,32.56,63.51,13.35
2021-07-27,17.98,31.23,73.03,0.22
2021-07-28,3.73,28.9,67.5,5.4
2021-07-29,24.4,28.85,57.4,7.31
2021-07-30,9.45,28.17,69.5,10.33
2021-07-31,10.16,30.04,85.67,5.91
2021-08-01,7.69,28.07,86.45,5.05
2021-08-02,2.55,21.51,69.09,6.26
2021-08-03,5.78,31.29,72.02,5.98
2021-08-04,21.33,27.72,90.12,8.04
2021-08-05,21.42,27.0,77.44,2.52
2021-08-06,18.78,29.02,97.45,7.69
2021-08-07,17.55,14.87,61.56,2.83
2021-08-08,13.3,25.63,78.03,11.89
2021-08-09,2.02,18.3,78.56,12.35
2021-08-10,25.21,32.34,76.36,3.07
2021-08-11,3.59,27.78,73.26,6.66
2021-08-12,19.13,29.01,73.73,11.98
2021-08-13,22.33,23.7,82.04,11.63
2021-08-14,13.63,25.93,81.73,7.93
2021-08-15,2.51,28.36,78.31,7.75
2021-08-16,18.4,26.67,90.45,10.27
2021-08-17,0.66,20.47,72.17,11.97
2021-08-18,1.94,23.13,90.91,7.26
2021-08-19,11.53,32.74,82.19,6.88
2021-08-20,14.43,29.17,87.01,0.27
2021-08-21,5.8,25.37,72.24,5.73
2021-08-22,18.7,31.87,77.76,9.34
2021-08-23,14.11,25.11,72.05,7.62
2021-08-24,8.79,34.5,60.11,12.88
2021-08-25,11.86,27.56,84.93,14.7
2021-08-26,11.51,28.61,81.66,0.31
2021-08-27,2.26,24.87,77.01,9.61
2021-08-28,0.97,20.3,80.08,5.96
2021-08-29,7.5,30.49,89.59,1.58
2021-08-30,14.57,24.33,76.69,7.3
2021-08-31,16.95,30.33,88.48,6.38
2021-09-01,25.63,30.8,72.12,11.07
2021-09-02,6.81,22.95,74.43,3.36
2021-09-03,7.92,24.66,70.69,4.77
2021-09-04,6.09,24.32,83.56,8.55
2021-09-05,10.27,26.92,85.28,3.53
2021-09-06,17.57,32.91,84.52,10.12
2021-09-07,3.95,27.47,79.42,6.61
2021-09-08,15.7,29.33,77.35,10.75
2021-09-09,2.54,23.32,84.54,11.8
2021-09-10,12.17,28.05,64.7,6.69
2021-09-11,7.51,25.13,75.36,4.25
2021-09-12,19.55,26.25,69.68,3.88
2021-09-13,16.07,26.56,80.21,9.19
2021-09-14,26.12,20.17,78.27,9.97
2021-09-15,14.48,26.4,76.97,10.06
2021-09-16,15.53,24.21,88.39,3.29
2021-09-17,8.39,20.46,83.79,6.05
2021-09-18,7.76,30.22,92.8,10.97
2021-09-19,10.47,37.56,70.22,8.72
2021-09-20,4.49,27.3,84.51,7.5
2021-09-21,10.78,27.56,81.24,4.76
2021-09-22,17.1,25.26,86.8,8.27
2021-09-23,5.6,34.03,80.13,1.31
2021-09-24,13.07,27.49,75.84,9.02
2021-09-25,16.17,26.44,78.62,5.38
2021-09-26,3.87,28.69,74.72,10.73
2021-09-27,25.7,15.33,68.27,11.56
2021-09-28,25.12,30.64,84.22,7.27
2021-09-29,3.94,22.9,82.75,11.94
2021-09-30,2.08,30.59,97.64,8.08
2021-10-01,17.46,26.62,74.07,9.94
2021-10-02,10.64,20.78,72.65,5.03
2021-10-03,14.45,22.9,80.22,13.26
2021-10-04,11.64,28.92,82.9,7.21
2021-10-05,21.21,34.08,70.84,8.76
2021-10-06,7.31,20.03,78.37,8.77
2021-10-07,19.61,18.89,87.48,7.82
2021-10-08,0.96,28.11,79.36,4.54
2021-10-09,11.39,32.54,77.0,5.51
2021-10-10,1.66,22.57,73.29,5.83
2021-10-11,16.34,31.84,85.61,9.99
2021-10-12,6.53,24.58,78.74,9.21
2021-10-13,9.71,24.55,84.45,8.33
2021-10-14,12.45,24.41,75.23,8.87
2021-10-15,11.35,27.36,70.39,8.39
2021-10-16,10.92,26.35,72.11,8.68
2021-10-17,4.28,20.25,81.1,8.7
2021-10-18,15.6,26.97,75.84,9.38
2021-10-19,9.41,23.88,76.87,10.21
2021-10-20,10.51,32.29,76.71,12.12
2021-10-21,10.55,28.08,71.15,3.13
2021-10-22,16.57,26.11,78.53,9.01
2021-10-23,16.71,36.34,63.53,6.21
2021-10-24,9.64,35.18,70.49,5.03
2021-10-25,14.65,17.07,91.84,8.96
2021-10-26,19.73,23.49,96.04,5.34
2021-10-27,7.76,26.16,86.63,2.8
2021-10-28,13.27,36.76,80.52,10.68
2021-10-29,12.79,34.16,76.55,5.41
2021-10-30,17.16,26.09,71.82,3.96
2021-10-31,10.68,20.45,72.05,10.87
2021-11-01,15.4,25.39,69.81,5.37
2021-11-02,10.47,25.49,80.15,12.24
2021-11-03,12.37,22.79,82.89,11.98
2021-11-04,9.01,32.0,89.9,13.73
2021-11-05,8.79,22.07,79.91,7.49
2021-11-06,17.59,20.47,79.39,6.09
2021-11-07,19.84,35.98,81.67,6.88
2021-11-08,9.83,34.31,91.45,0.23
2021-11-09,8.81,22.8,82.93,8.59
2021-11-10,13.86,34.06,78.9,6.69
2021-11-11,8.07,22.66,85.58,5.03
2021-11-12,3.61,25.36,73.17,5.42
2021-11-13,4.11,27.47,73.74,9.22
2021-11-14,12.55,21.05,68.09,4.97
2021-11-15,29.1,17.9,82.69,5.72
2021-11-16,13.62,35.81,76.36,3.21
2021-11-17,15.62,27.76,78.81,11.76
2021-11-18,5.3,29.16,83.84,8.39
2021-11-19,18.94,26.34,73.25,12.2
2021-11-20,14.53,23.37,83.94,12.68
2021-11-21,28.25,25.52,100.0,7.18
2021-11-22,12.88,27.14,70.66,7.55
2021-11-23,4.23,25.13,80.72,10.39
2021-11-24,29.9,23.03,92.85,9.07
2021-11-25,17.8,27.68,74.11,9.26
2021-11-26,14.36,32.81,72.03,11.5
2021-11-27,9.02,24.07,67.08,10.09
2021-11-28,18.37,36.25,68.34,5.83
2021-11-29,21.23,26.77,65.28,9.11
2021-11-30,9.06,36.03,89.54,8.24
2021-12-01,7.43,24.36,69.88,2.95
2021-12-02,14.8,30.15,67.52,5.6
2021-12-03,12.22,30.09,74.43,9.96
2021-12-04,5.69,28.35,67.99,3.34
2021-12-05,5.77,29.74,85.4,7.79
2021-12-06,1.57,31.16,74.88,9.21
2021-12-07,21.95,33.92,56.41,8.92
2021-12-08,15.33,21.05,76.42,10.18
2021-12-09,1.16,16.81,76.54,11.07
2021-12-10,6.6,21.21,95.31,1.87
2021-12-11,3.43,28.29,70.83,9.47
2021-12-12,21.86,22.52,81.01,11.92
2021-12-13,21.04,29.09,70.59,9.7
2021-12-14,18.12,26.07,77.7,10.66
2021-12-15,16.14,24.94,70.55,15.43
2021-12-16,13.59,25.19,65.04,4.16
2021-12-17,23.47,25.82,71.92,9.63
2021-12-18,9.56,27.13,57.41,5.61
2021-12-19,1.13,26.97,94.6,3.49
2021-12-20,18.65,24.35,60.79,10.21
2021-12-21,28.51,27.91,89.16,8.58
2021-12-22,14.83,20.6,76.89,6.22
2021-12-23,8.42,20.82,59.96,5.68
2021-12-24,5.19,27.03,71.08,8.45
2021-12-25,12.13,38.69,84.89,6.12
2021-12-26,13.36,25.92,81.03,8.2
2021-12-27,14.79,27.03,82.78,12.49
2021-12-28,11.96,32.8,79.69,7.59
2021-12-29,14.65,34.1,77.57,4.3
2021-12-30,25.45,32.12,76.75,14.63
2021-12-31,15.67,31.4,73.97,3.24
2022-01-01,17.46,22.97,80.33,2.51
2022-01-02,1.34,29.82,71.51,4.03
2022-01-03,4.66,30.5,74.07,7.01
2022-01-04,4.19,26.35,61.81,4.23
2022-01-05,3.59,23.36,97.2,7.39
2022-01-06,27.71,28.79,72.8,9.65
2022-01-07,8.56,23.53,89.08,11.72
2022-01-08,37.74,28.0,71.07,6.95
2022-01-09,21.08,29.13,78.42,11.32
2022-01-10,13.39,25.27,97.24,9.24
2022-01-11,6.75,33.01,65.75,11.19
2022-01-12,2.38,35.62,64.38,7.06
2022-01-13,0.42,27.61,69.18,7.22
2022-01-14,16.61,29.59,90.08,11.0
2022-01-15,0.94,38.49,75.69,6.01
2022-01-16,7.84,28.25,79.72,8.76
2022-01-17,9.85,33.63,70.03,6.5
2022-01-18,28.12,24.43,68.61,6.21
2022-01-19,28.19,27.34,72.71,8.65
2022-01-20,3.05,26.72,77.29,10.59
2022-01-21,5.22,24.8,73.26,5.88
2022-01-22,15.96,29.5,92.25,3.52
2022-01-23,10.84,30.89,74.24,4.38
2022-01-24,11.56,26.71,83.99,11.43
2022-01-25,7.05,33.55,75.33,11.55
2022-01-26,23.98,28.26,73.31,14.78
2022-01-27,10.57,19.92,71.98,10.83
2022-01-28,31.72,26.8,86.64,10.58
2022-01-29,2.47,26.97,82.4,8.2
2022-01-30,3.36,35.29,81.82,6.19
2022-01-31,13.24,34.13,73.07,2.49
2022-02-01,5.81,30.97,52.08,8.72
2022-02-02,16.46,26.79,78.88,8.73
2022-02-03,15.08,25.7,73.44,0.71
2022-02-04,18.04,26.68,69.55,4.34
2022-02-05,11.06,22.71,80.25,6.52
2022-02-06,20.15,23.51,70.23,14.18
2022-02-07,11.99,26.12,73.78,7.22
2022-02-08,8.66,22.69,73.24,10.02
